date,media_cost_1,media_cost_2,media_cost_3,media_cost_4,holidays,trend,competitor_spend,weekly,yearly,covid_index,promo_events,intercept
2019-07-28,0.0,0.0,0.0,0.0,0.0,7116.331697869129,-1514.8125164572868,6546.215846533361,-2779.961694986115,0.0,0.0,1921.4749842330652
2019-08-04,0.0,0.0,0.0,0.0,0.0,7124.896766668399,-60.18796736730167,6546.215846533361,-3704.217908614654,0.0,0.0,1921.4749842330652
2019-08-11,0.0,0.0,0.0,0.0,0.0,7133.461835467681,-22.56013572464378,6546.215846533361,-4689.334226645962,0.0,0.0,1921.4749842330652
2019-08-18,0.0,0.0,0.0,0.0,0.0,7142.026904267009,-41.36430845129563,6546.215846533359,-5575.467549241991,0.0,0.0,1921.4749842330652
2019-08-25,0.0,0.0,0.0,0.0,0.0,7150.591973066275,-86.31407574373563,6546.215846533361,-6623.099927131385,0.0,0.0,1921.4749842330652
2019-09-01,0.0,0.0,0.0,0.0,2375.702903004717,7159.157041865557,-117.63812513035961,6546.215846533361,-7940.7045806064425,0.0,0.0,1921.4749842330652
2019-09-08,0.0,0.0,0.0,0.0,0.0,7167.7221093282005,-112.552229708955,6546.215846533361,-8565.31723602732,0.0,0.0,1921.4749842330652
2019-09-15,0.0,0.0,0.0,0.0,0.0,7176.287176790899,-63.31062921128689,6546.215846533361,-6691.127946485205,0.0,0.0,1921.4749842330652
2019-09-22,777.2694420819348,0.0,2080.2520916571493,0.0,0.0,7184.8522442534995,-63.06705184436178,6546.215846533359,-1433.2627629867525,0.0,26049.000970782923,1921.4749842330652
2019-09-29,1417.1783001479778,0.0,1517.4858234790686,0.0,0.0,7193.417311716158,-41.374051545972804,6546.215846533359,5551.675188660325,0.0,26049.000970782923,1921.4749842330652
2019-10-06,323.2521563921101,0.0,1197.2833907553309,0.0,0.0,7201.982379178779,-268.00330528083583,6546.215846533361,10685.330533610137,0.0,0.0,1921.4749842330652
2019-10-13,112.03972710269701,0.0,1026.8507388106327,0.0,-3692.0947875301613,7210.547446641416,-929.7932681228585,6546.215846533361,11267.75004493725,0.0,0.0,1921.4749842330652
2019-10-20,48.91642961620716,0.0,1000.0521086019892,0.0,0.0,7219.112513509677,-4015.6700581552013,6546.215846533359,7869.969193042539,0.0,0.0,1921.4749842330652
2019-10-27,24.674123302630605,0.0,873.7338485814341,0.0,0.0,7227.677580377895,-1860.5754603554324,6546.215846533361,3814.1707974341966,0.0,0.0,1921.4749842330652
2019-11-03,13.755173100188417,0.0,1031.5613617013191,0.0,0.0,7236.242647246108,-616.3822700997607,6546.215846533361,2129.5173262147405,0.0,0.0,1921.4749842330652
2019-11-10,8.254626286019022,0.0,886.920767057095,0.0,2400.4814349274566,7244.807714114345,-636.1315230100821,6546.215846533361,3012.84976389479,0.0,0.0,1921.4749842330652
2019-11-17,3.7755895841642206,0.0,738.9705041380583,0.0,0.0,7253.3727809825,-310.7267754395762,6546.215846533361,4271.740016424688,0.0,0.0,1921.4749842330652
2019-11-24,0.0,0.0,1408.447149500439,0.0,4899.076934846267,7261.937847850623,-1147.1860681039047,6546.215846533361,4048.476790049135,0.0,0.0,1921.4749842330652
2019-12-01,0.0,0.0,987.9357038732967,0.0,0.0,7270.502914718739,-357.4156851318644,6546.215846533361,2801.261600770331,0.0,0.0,1921.4749842330652
2019-12-08,0.0,0.0,987.187168651013,0.0,0.0,7279.067981586863,-617.6634870497901,6546.215846533361,2531.0309767651806,0.0,0.0,1921.4749842330652
2019-12-15,0.0,0.0,916.1053691052582,0.0,0.0,7287.633048454978,-231.69079141957613,6546.215846533361,4328.472564588218,0.0,0.0,1921.4749842330652
2019-12-22,0.0,0.0,964.6919435927759,0.0,13520.200175339436,7296.198115323035,-605.0218217063549,6546.215846533361,7023.476816331617,0.0,26049.000970782923,1921.4749842330652
2019-12-29,0.0,0.0,648.6638571046276,0.0,401.82807055849474,7304.7631821911655,-655.3984927338921,6546.215846533361,8321.288107371658,0.0,0.0,1921.4749842330652
2020-01-05,0.0,0.0,969.1182749712923,0.0,0.0,7313.328246269002,-436.63678795072866,6546.215846533361,7068.479495423659,0.0,0.0,1921.4749842330652
2020-01-12,0.0,0.0,825.6184646610855,0.0,0.0,7321.893310346878,-218.44018265882636,6546.215846533361,4245.621605883526,0.0,0.0,1921.4749842330652
2020-01-19,0.0,0.0,425.97409769584215,0.0,-4611.965409030817,7330.458374424774,-67.48067373305206,6546.215846533361,1838.7554235106861,124.42015028708668,0.0,1921.4749842330652
2020-01-26,0.0,0.0,266.9089085557761,0.0,0.0,7339.02343850267,-151.32487497616262,6546.215846533361,952.8662698204582,373.26045086126265,0.0,1921.4749842330652
2020-02-02,0.0,0.0,170.80456015293626,0.0,0.0,7347.588502580524,-184.28089272118874,6546.215846533359,1049.835772795882,373.26045086126265,0.0,1921.4749842330652
2020-02-09,0.0,0.0,110.40448098678154,0.0,0.0,7356.153565772657,-200.00624752990154,6546.215846533361,797.0920293420432,559.8906762918965,0.0,1921.4749842330652
2020-02-16,0.0,0.0,65.99607074798523,0.0,1522.5343051554942,7364.718628964778,-313.3622825497102,6546.215846533361,-551.9500772834592,746.5209017225253,0.0,1921.4749842330652
2020-02-23,0.0,0.0,45.163990667877776,0.0,0.0,7373.283692156944,-173.03736146390634,6546.215846533361,-2539.930124756252,1057.5712774402393,0.0,1921.4749842330652
2020-03-01,0.0,0.0,14.414312518013011,0.0,0.0,7381.848755349077,-403.1351569037882,6546.215846533361,-3986.3197644035263,1679.672028875682,0.0,1921.4749842330652
2020-03-08,0.0,0.0,0.0,0.0,0.0,7390.413818541246,-97.41146058086302,6546.215846533359,-3974.24114669377,2115.1425548804787,0.0,1921.4749842330652
2020-03-15,0.0,0.0,0.0,0.0,0.0,7398.9788811622275,-457.9790368407438,6546.215846533359,-2566.684498725473,3483.764208038439,0.0,1921.4749842330652
2020-03-22,0.0,0.0,0.0,0.0,0.0,7407.543943783152,-351.6136722516985,6546.215846533361,-814.4537973343685,5412.27653748829,0.0,1921.4749842330652
2020-03-29,0.0,0.0,0.0,0.0,0.0,7416.109006404125,-236.98616337653715,6546.215846533361,-47.17482210427269,5412.27653748829,0.0,1921.4749842330652
2020-04-05,0.0,0.0,0.0,0.0,0.0,7424.674069025107,-201.53591339419367,6546.215846533361,-860.3363195811561,5412.27653748829,0.0,1921.4749842330652
2020-04-12,0.0,0.0,0.0,0.0,0.0,7433.23913164607,-349.59685165355387,6546.215846533359,-2549.544421033341,5412.27653748829,0.0,1921.4749842330652
2020-04-19,0.0,0.0,0.0,0.0,0.0,7441.804194267031,-239.06144254274386,6546.215846533361,-3604.6662830348496,5412.27653748829,0.0,1921.4749842330652
2020-04-26,0.0,0.0,0.0,0.0,0.0,7450.369257107997,-108.12399317824845,6546.215846533361,-3033.728719296241,5412.27653748829,0.0,1921.4749842330652
2020-05-03,0.0,0.0,0.0,0.0,0.0,7458.934319948911,-126.6553592539435,6546.215846533361,-1361.1531626039302,4790.175786052835,0.0,1921.4749842330652
2020-05-10,0.0,0.0,0.0,0.0,0.0,7467.49938278988,-61.61533073748522,6546.215846533361,-227.52900901302883,4479.125410335172,0.0,1921.4749842330652
2020-05-17,0.0,0.0,0.0,0.0,0.0,7476.064445630832,-249.37450825837155,6546.215846533361,-827.1981480158921,4230.285109760957,0.0,1921.4749842330652
2020-05-24,0.0,0.0,0.0,0.0,-1109.6738882409365,7484.629508471785,-113.95036379510711,6546.215846533361,-2700.26316244052,4168.075034617423,0.0,1921.4749842330652
2020-05-31,0.0,0.0,0.0,0.0,0.0,7493.194572119748,-222.8343183581639,6546.215846533361,-4153.319626860537,4168.075034617423,0.0,1921.4749842330652
2020-06-07,0.0,0.0,0.0,0.0,0.0,7501.759635767776,-146.15129170266363,6546.215846533361,-3910.2218725881075,4168.075034617423,0.0,1921.4749842330652
2020-06-14,0.0,0.0,0.0,0.0,0.0,7510.324699415728,-189.01116518688136,6546.215846533361,-2282.3846898640295,4292.495184904506,0.0,1921.4749842330652
2020-06-21,0.0,0.0,0.0,0.0,0.0,7518.889763063723,-107.39813262480995,6546.215846533361,-696.8407372232757,4416.915335191598,0.0,1921.4749842330652
2020-06-28,0.0,0.0,0.0,0.0,-10757.724821956686,7527.454826711668,-112.11379044848914,6546.215846533361,-224.40400893506933,4416.915335191598,0.0,1921.4749842330652
2020-07-05,0.0,0.0,0.0,0.0,0.0,7536.01989035967,-88.27730932115522,6546.215846533361,-744.8737230651128,4043.654884330331,0.0,1921.4749842330652
2020-07-12,0.0,0.0,0.0,0.0,0.0,7544.584957565795,-25.1225696247005,6546.215846533361,-1484.9565984115911,3857.0246588997134,0.0,1921.4749842330652
2020-07-19,0.0,0.0,0.0,0.0,0.0,7553.1500247719705,-55.2725761027442,6546.215846533359,-2043.9795242308494,3857.0246588997134,0.0,1921.4749842330652
2020-07-26,0.0,0.0,0.0,0.0,0.0,7561.715091978089,-7.8626774043565515,6546.215846533361,-2643.7083350512617,3919.2347340432457,0.0,1921.4749842330652
2020-08-02,0.0,0.0,0.0,0.0,0.0,7570.28015918426,-57.75219369804614,6546.215846533361,-3525.241998553819,4043.654884330331,0.0,1921.4749842330652
2020-08-09,0.0,0.0,0.0,0.0,0.0,7578.845226390329,-67.12992232467911,6546.215846533359,-4521.638946864026,3981.444809186774,0.0,1921.4749842330652
2020-08-16,0.0,0.0,0.0,0.0,0.0,7587.41794988112,-1338.5696768446414,6546.215846533359,-5416.802030906551,3981.444809186774,0.0,1921.4749842330652
2020-08-23,0.0,0.0,0.0,0.0,0.0,7595.990673371825,-266.0205855140627,6546.215846533361,-6409.229382931904,4168.075034617423,0.0,1921.4749842330652
2020-08-30,0.0,0.0,0.0,0.0,0.0,7604.563396862585,-1096.1907105643727,6546.215846533359,-7711.198787664843,3919.2347340432457,0.0,1921.4749842330652
2020-09-06,0.0,0.0,0.0,0.0,2375.702903004717,7613.136120353274,-249.44758146844697,6546.215846533361,-8584.340006053999,3421.5541328949002,0.0,1921.4749842330652
2020-09-13,0.0,0.0,0.0,0.0,0.0,7621.708843843997,-123.62525680939025,6546.215846533361,-7276.691606350121,3421.5541328949002,0.0,1921.4749842330652
2020-09-20,0.0,0.0,0.0,0.0,0.0,7630.281573823513,-718.158637095931,6546.215846533361,-2583.093784686719,3421.5541328949002,0.0,1921.4749842330652
2020-09-27,0.0,0.0,0.0,0.0,0.0,7638.854303802981,-43.278826555330355,6546.215846533361,4329.5551431629265,3421.5541328949002,0.0,1921.4749842330652
2020-10-04,1506.7010101029261,27.81812632599008,2941.041636674585,1162.188726470811,0.0,7647.42703378245,-18.22933014070755,6546.215846533359,10059.805748335646,3421.5541328949002,26049.000970782923,1921.4749842330652
2020-10-11,394.27303712463566,1882.9624183438727,4289.709973748637,333.2715932728954,-3692.0947875301613,7655.999763761981,-24.73771738495813,6546.215846533361,11520.57948108081,3732.6045086126132,26049.000970782923,1921.4749842330652
2020-10-18,122.02307653819433,2262.6495883216426,4482.543842811858,130.23714626348894,0.0,7664.572493741444,-28.51316657230398,6546.215846533361,8637.334162324722,4168.075034617423,0.0,1921.4749842330652
2020-10-25,50.29424312989032,1073.5245418920597,2920.533156754501,63.286148709584765,0.0,7673.145223720955,-67.32965576555819,6546.215846533361,4422.645195534433,4230.285109760957,0.0,1921.4749842330652
2020-11-01,24.427739148028245,599.8184903172122,2000.5131784942157,35.17126365252774,0.0,7681.717954251814,-291.6156952305988,6546.215846533361,2204.705454202349,4354.705260048053,0.0,1921.4749842330652
2020-11-08,46.954022405360824,381.1262297822289,1382.6570587191452,21.3925280487392,2400.4814349274566,7690.290684782646,-363.92407237611354,6546.215846533361,2751.1263650189376,4354.705260048053,0.0,1921.4749842330652
2020-11-15,46.89398022446642,260.6821526745951,1003.3997520983484,13.88541697419724,0.0,7698.863415313576,-163.6060458165485,6546.215846533361,4127.792750449533,4354.705260048053,0.0,1921.4749842330652
2020-11-22,24.306160757691497,266.8904822621053,1085.7522298918914,9.46857426653828,4899.076934846267,7707.4361458443955,-280.50369575145487,6546.215846533361,4208.946875107935,4354.705260048053,0.0,1921.4749842330652
2020-11-29,8.397204572020419,373.26707567996567,1129.6510337101358,0.0,0.0,7716.008876375267,-152.36738610660416,6546.215846533361,3012.484442531589,4665.755635765784,0.0,1921.4749842330652
2020-12-06,2.68884297306434,767.2044949647351,1250.8634052352963,375.65257998760114,0.0,7724.581604660426,-52.65168363462557,6546.215846533361,2430.4592312052087,4727.965710909306,0.0,1921.4749842330652
2020-12-13,1.2028919299427856,650.0097219133717,1402.771946779506,753.4254992608579,0.0,7733.154332945586,-107.46633428754951,6546.215846533361,3880.6166323163106,5412.27653748829,0.0,1921.4749842330652
2020-12-20,0.6279946406609139,669.4443388152642,1153.4297529896833,907.9082344321897,13520.200175339436,7741.727061230785,-212.1217857607771,6546.215846533361,6581.413945211059,5785.536988349555,26049.000970782923,1921.4749842330652
2020-12-27,0.3617224523193208,532.4743131204316,685.2783487148204,791.0167808051452,401.82807055849474,7750.299789515992,-175.75568487879417,6546.215846533361,8271.856134274232,5785.536988349555,26049.000970782923,1921.4749842330652
2021-01-03,0.16103933717911675,257.39732696614635,426.52931598665833,409.14305566052644,0.0,7758.872517801174,-111.37331525303519,6546.215846533361,7459.905858766515,5972.1672137802025,0.0,1921.4749842330652
2021-01-10,0.043152295505603976,157.6889322149561,291.3495036767315,150.45243625629516,0.0,7767.445246086367,-34.997196079861844,6546.215846533359,4774.460496938424,5909.957138636639,0.0,1921.4749842330652
2021-01-17,0.008253671384117627,105.01285454958186,197.5966830287194,208.14279378025495,-4611.965409030817,7776.017973577309,-79.43545090175813,6546.215846533361,2166.749007094884,5909.957138636639,0.0,1921.4749842330652
2021-01-24,0.0,70.60466634847694,127.78952553162696,830.9041979213362,0.0,7784.59070106836,-141.52332173107862,6546.215846533361,1004.8690128501376,5909.957138636639,0.0,1921.4749842330652
2021-01-31,0.0,38.24007259147651,70.79132074184656,1159.9764162017145,0.0,7793.163428559339,-66.05818191020732,6546.215846533361,1020.4242201680702,5909.957138636639,0.0,1921.4749842330652
2021-02-07,0.0,20.28162368385463,23.929135580235787,1098.180922491891,0.0,7801.736156050297,-186.2636124879624,6546.215846533359,916.6347503460402,5909.957138636639,0.0,1921.4749842330652
2021-02-14,0.0,6.747757761918747,2.6690927715518526,1132.3451065709728,1522.5343051554942,7810.308883541277,-202.64175464003569,6546.215846533361,-236.36579446906822,5909.957138636639,0.0,1921.4749842330652
2021-02-21,0.0,0.0,0.0,770.7447418635852,0.0,7818.881612138839,-203.29941353073488,6546.215846533361,-2188.3667356089227,5785.536988349555,0.0,1921.4749842330652
2021-02-28,0.0,0.0,0.0,360.8654724220877,0.0,7827.454340736376,-17.51808422928488,6546.215846533361,-3818.9762378770797,5536.696687775397,0.0,1921.4749842330652
2021-03-07,1059.346533579911,0.0,0.0,785.4241070941758,0.0,7836.0270693338425,-71.89429562174297,6546.215846533361,-4095.6311902774382,5474.486612631831,0.0,1921.4749842330652
2021-03-14,487.26953555938775,0.0,0.0,563.1985138508638,0.0,7844.599797931399,-370.38374414697904,6546.215846533359,-2882.875096338187,5474.486612631831,0.0,1921.4749842330652
2021-03-21,202.3415134074855,0.0,0.0,187.61379260513104,0.0,7853.172526528923,-408.4061711240552,6546.215846533361,-1089.4136012328386,5287.856387201229,0.0,1921.4749842330652
2021-03-28,64.12544493247978,0.0,0.0,85.59924804241304,0.0,7861.745255992333,-125.78822382768826,6546.215846533361,-69.19304699179717,5287.856387201229,0.0,1921.4749842330652
2021-04-04,27.85789181342171,0.0,0.0,44.090663121661144,0.0,7870.317985455856,-273.8199328030189,6546.215846533359,-614.0089154881339,5287.856387201229,0.0,1921.4749842330652
2021-04-11,14.19291541815771,0.0,0.0,22.57561624967461,0.0,7878.890714919323,-748.2745427426056,6546.215846533361,-2249.2396306067726,5287.856387201229,0.0,1921.4749842330652
2021-04-18,8.011164815865207,0.0,0.0,12.441418578997702,0.0,7887.463444382771,-1002.6034146442414,6546.215846533361,-3524.0824047879496,5287.856387201229,0.0,1921.4749842330652
2021-04-25,4.8648012864419075,0.0,0.0,7.892719596300643,0.0,7896.036173846279,-490.05817606483953,6546.215846533359,-3252.9309038314077,5287.856387201229,0.0,1921.4749842330652
2021-05-02,1.0905595148717497,0.0,0.0,2.238764497544758,0.0,7904.608903309754,-445.2886560239249,6546.215846533359,-1671.9425850278042,5287.856387201229,0.0,1921.4749842330652
2021-05-09,0.2106695065006518,0.0,0.0,0.0,0.0,7913.181632880553,-444.43126369234494,6546.215846533361,-318.87409588570847,5287.856387201229,0.0,1921.4749842330652
2021-05-16,0.0,0.0,0.0,0.0,0.0,7921.754362451346,-537.2293689436354,6546.215846533361,-589.9329092570954,5287.856387201229,0.0,1921.4749842330652
2021-05-23,0.0,0.0,0.0,0.0,0.0,7930.3270920220575,-400.46067741494693,6546.215846533361,-2342.78357178611,5287.856387201229,0.0,1921.4749842330652
2021-05-30,0.0,0.0,0.0,0.0,-1109.6738882409365,7938.899821592851,-80.29284323333577,6546.215846533361,-3999.567203654701,4914.595936339968,0.0,1921.4749842330652
2021-06-06,0.0,0.0,0.0,0.0,0.0,7947.472551163684,-28.60572597173561,6546.215846533359,-4086.0489477945052,4727.965710909306,0.0,1921.4749842330652
2021-06-13,0.0,0.0,0.0,0.0,0.0,7956.0452801822685,-144.2562597879833,6546.215846533362,-2615.077725363573,4727.965710909306,0.0,1921.4749842330652
2021-06-20,0.0,0.0,0.0,0.0,0.0,7964.618009200837,-71.69943372820259,6546.215846533361,-914.502588820238,4727.965710909306,0.0,1921.4749842330652
2021-06-27,0.0,0.0,0.0,0.0,0.0,7973.190738219544,-27.533985557263218,6546.215846533361,-217.6916174367501,4727.965710909306,0.0,1921.4749842330652
2021-07-04,0.0,0.0,0.0,0.0,10640.811017152848,7981.7634672382,-226.52695124075504,6546.215846533361,-613.5169257102393,4727.965710909306,0.0,1921.4749842330652
2021-07-11,0.0,0.0,0.0,785.415257790216,0.0,7990.336196256804,-887.2013297422545,6546.215846533361,-1364.424515373375,4727.965710909306,0.0,1921.4749842330652
2021-07-18,0.0,0.0,270.65086269780164,1424.7454609642562,0.0,7998.9089252754075,-510.71353678012326,6546.215846533361,-1952.2750680349861,4727.965710909306,0.0,1921.4749842330652
2021-07-25,0.0,0.0,418.90922846959865,1274.3977494151832,0.0,8007.481656832859,-1322.6348455003722,6546.215846533361,-2517.8532182261706,4727.965710909306,0.0,1921.4749842330652
2021-08-01,0.0,0.0,194.85948805158884,430.9241791061093,0.0,8016.054388390265,-146.4143552589431,6546.215846533361,-3350.114328041593,4230.285109760957,0.0,1921.4749842330652
2021-08-08,0.0,0.0,116.18999356049733,191.29595342033892,0.0,8024.6271199476805,-436.9290807910391,6546.215846533361,-4349.264415156521,4168.075034617423,0.0,1921.4749842330652
2021-08-15,0.0,0.0,76.71431850597766,101.24237289002016,0.0,8033.199851505071,-631.2745903135901,6546.215846533361,-5260.923743954366,4105.8649594738845,0.0,1921.4749842330652
2021-08-22,0.0,0.0,53.71215222187813,59.797916705859194,0.0,8041.7725830625295,-895.0250347679006,6546.215846533361,-6208.02861160654,3234.923907464261,0.0,1921.4749842330652
2021-08-29,0.0,0.0,39.13585497403943,38.07383477157238,0.0,8050.345315267963,-719.3083222678229,6546.215846533361,-7471.324005443632,3048.2936820336254,0.0,1921.4749842330652
2021-09-05,0.0,0.0,29.375622440642857,21.60395100308126,2375.702903004717,8058.918047473375,-1268.5606700428982,6546.215846533361,-8532.572064501157,2923.873531746535,0.0,1921.4749842330652
2021-09-12,0.0,0.0,13.35642796666394,7.190082817123064,0.0,8067.490779678766,-1155.608973452191,6546.215846533361,-7747.397188770751,2612.8231560288373,0.0,1921.4749842330652
2021-09-19,0.0,0.0,0.0,0.0,0.0,8076.063511884244,-804.4142542716071,6546.215846533361,-3655.4082842979396,2550.613080885269,0.0,1921.4749842330652
2021-09-26,849.3518395767194,486.6389933360167,1584.6014296211004,351.3654654795076,0.0,8084.636244089662,-798.0861142788804,6546.215846533361,3069.0123420808454,2488.403005741744,26049.000970782923,1921.4749842330652
2021-10-03,175.987866264778,747.5431409419548,1903.870596797043,631.1301238256698,0.0,8093.208977294969,-729.1196186075795,6546.215846533361,9289.322834500814,2426.192930598213,26049.000970782923,1921.4749842330652
2021-10-10,58.20613175638792,554.6319096122423,2109.7703985182848,710.5438041671679,-3692.0947875301613,8101.781710500347,-235.34932347079769,6546.215846533361,11625.775414494652,2052.9324797369422,0.0,1921.4749842330652
2021-10-17,24.58890394398519,1517.365255628901,2179.80028077113,725.2888810401123,0.0,8110.354443705657,-877.5264367279793,6546.215846533361,9361.38733969237,2052.9324797369422,0.0,1921.4749842330652
2021-10-24,12.097460461533473,789.0589670361934,1256.2585380019802,747.1372547085625,0.0,8118.927176911009,-778.7265851556364,6546.215846533359,5102.508280109712,2115.1425548804787,0.0,1921.4749842330652
2021-10-31,6.613095968569262,413.18535460357674,787.7522381779158,768.6995478632758,0.0,8127.499910116311,-1326.5272118238383,6546.215846533361,2376.08120142375,2177.3526300240264,0.0,1921.4749842330652
2021-11-07,3.9065182453676925,254.19073945761838,539.5776015876199,792.949566434462,2400.4814349274566,8136.072643321605,-1545.3766044591084,6546.215846533359,2516.2820774813404,2239.562705167586,0.0,1921.4749842330652
2021-11-14,2.4487952757472295,171.80622937246275,388.3475675901439,801.5970614451454,0.0,8144.645375975937,-743.65144431836,6546.215846533361,3935.9309738329794,3172.713832320714,0.0,1921.4749842330652
2021-11-21,0.0,509.95334488995053,232.0462524520434,804.8110776276083,4899.076934846267,8153.218108630225,-384.21406704101446,6546.215846533361,4323.00150682124,3359.344057751364,0.0,1921.4749842330652
2021-11-28,0.0,1089.4553066243245,1484.769961065695,805.7907216340494,0.0,8161.790841284517,-278.33585718581645,6546.215846533359,3244.796243156493,3359.344057751364,0.0,1921.4749842330652
2021-12-05,0.0,1131.525135583975,2138.870663783954,921.9616161925653,0.0,8170.363573938804,-669.4285490688051,6546.215846533361,2401.3663634915233,3359.344057751364,0.0,1921.4749842330652
2021-12-12,103.54715976154017,1150.0211734033694,1175.2610360238277,1180.9974026703258,0.0,8178.936306593091,-1077.2550060595843,6546.215846533361,3477.0662495579563,3297.1339826078174,0.0,1921.4749842330652
2021-12-19,235.90774246407324,514.4973436551822,681.7943710660834,1148.1876550016852,-2029.3358635668865,8187.509039364615,-638.416278711849,6546.215846533359,6104.766000881754,3297.1339826078174,26049.000970782923,1921.4749842330652
2021-12-26,3056.040273703793,299.71103972282106,446.14015559265823,754.4363834886615,-1623.7305777762597,8196.081772136149,-558.8395529372701,6546.215846533361,8136.28436483913,3297.1339826078174,26049.000970782923,1921.4749842330652
2022-01-02,789.6189572175283,196.33566313567994,310.765557230994,266.370135548579,0.0,8204.654504907603,-409.7507181894841,6546.215846533361,7787.755114744445,3297.1339826078174,0.0,1921.4749842330652
2022-01-09,267.51797733552297,137.4153375415833,225.6319062523753,127.31246243970466,0.0,8213.227237679168,-19.413116143965752,6546.215846533362,5307.650693520594,3297.1339826078174,0.0,1921.4749842330652
2022-01-16,272.0613597506717,91.72845904591755,168.91179048835286,188.47038850586415,-4611.965409030817,8221.799970450651,-29.81874125902495,6546.215846533361,2545.734792605071,3234.923907464261,0.0,1921.4749842330652
2022-01-23,2155.07827839633,48.45594117329745,81.04265764747073,716.7713130815159,0.0,8230.372703222207,-3.624431219852075,6546.215846533361,1097.3581802389904,3048.2936820336254,0.0,1921.4749842330652
2022-01-30,1391.8773333581898,20.7401737912267,6.328938710172061,831.5562776029361,0.0,8238.945435011889,-11.350705298730313,6546.215846533359,986.0051232034547,2986.0836068901012,0.0,1921.4749842330652
2022-02-06,1051.2593863527268,0.0,0.0,787.12474905313,0.0,8247.518166801592,-6.440185581511364,6546.215846533361,999.2371115000464,2986.0836068901012,0.0,1921.4749842330652
2022-02-13,2805.6713301821314,0.0,0.0,740.1531065989142,0.0,8256.090898591376,-158.56399432118928,6546.215846533361,51.26609551221119,2986.0836068901012,0.0,1921.4749842330652
2022-02-20,731.4142878444214,0.0,0.0,232.72544840773776,1522.5343051554942,8264.663630381041,-193.86322633604044,6546.215846533361,-1826.256762146915,2986.0836068901012,0.0,1921.4749842330652
2022-02-27,261.44182659572846,0.0,0.0,105.32610417538986,0.0,8273.2363621708,-259.4050242283652,6546.215846533359,-3605.900711636393,2986.0836068901012,0.0,1921.4749842330652
2022-03-06,117.03250342400497,0.0,0.0,57.13849976380005,0.0,8281.809093014035,-621.2392027962626,6546.215846533361,-4166.565224580986,2986.0836068901012,0.0,1921.4749842330652
2022-03-13,60.12297841777783,0.0,0.0,33.96976296899696,0.0,8290.381823857211,-883.9763654041641,6546.215846533361,-3179.2393760000286,2986.0836068901012,0.0,1921.4749842330652
2022-03-20,29.859632479942192,0.0,0.0,18.74492305820087,0.0,8298.954554700442,-413.77948783843516,6546.215846533361,-1390.575594494563,2986.0836068901012,0.0,1921.4749842330652
2022-03-27,16.198394350877173,0.0,0.0,9.314547933298064,0.0,8307.527285543634,-427.4100772915876,6546.215846533361,-144.75767085497435,2986.0836068901012,0.0,1921.4749842330652
2022-04-03,8.904304643696237,0.0,0.0,3.629240744074429,0.0,8316.10001638688,-69.5169805205499,6546.215846533359,-405.35507786001625,2301.772780311119,0.0,1921.4749842330652
2022-04-10,0.0,0.0,0.0,0.0,0.0,8324.672747230074,-117.29711681666421,6546.215846533361,-1936.7470870193379,2301.772780311119,0.0,1921.4749842330652
2022-04-17,0.0,0.0,0.0,0.0,0.0,8333.24547807333,-193.85348324136118,6546.215846533361,-3390.033732035409,2177.3526300240264,0.0,1921.4749842330652
2022-04-24,0.0,0.0,0.0,0.0,0.0,8341.818208916517,-131.92150192687404,6546.215846533361,-3426.4694784968706,1866.3022543063066,0.0,1921.4749842330652
2022-05-01,0.0,0.0,0.0,0.0,0.0,8350.39093975977,-149.30805437801877,6546.215846533359,-1990.3710128537657,1617.4619537321305,0.0,1921.4749842330652
2022-05-08,0.0,0.0,0.0,0.0,0.0,8358.963670602976,-66.66712532752108,6546.215846533362,-466.5795659289873,1430.8317283015062,0.0,1921.4749842330652
2022-05-15,0.0,0.0,0.0,0.0,0.0,8367.53640144613,-68.18704809713657,6546.215846533361,-404.2053686500774,1430.8317283015062,0.0,1921.4749842330652
2022-05-22,0.0,0.0,0.0,0.0,0.0,8376.109132289375,-197.51201529258304,6546.215846533361,-1981.9084440877941,1181.9914277273265,0.0,1921.4749842330652
2022-05-29,0.0,0.0,0.0,0.0,-1109.6738882409365,8384.6818631326,-189.46909063670233,6546.215846533361,-3791.2682453364737,1181.9914277273265,0.0,1921.4749842330652
2022-06-05,0.0,0.0,0.0,0.0,0.0,8393.254593975817,-557.5388497978872,6546.215846533361,-4208.320725585294,1181.9914277273265,0.0,1921.4749842330652
2022-06-12,0.0,0.0,0.0,0.0,0.0,8401.827324819065,-484.71408863449057,6546.215846533361,-2940.856905303106,995.3612022966935,0.0,1921.4749842330652
2022-06-19,0.0,0.0,0.0,0.0,0.0,8410.400055662256,-389.7530163648996,6546.215846533361,-1167.6974907154702,995.3612022966935,0.0,1921.4749842330652
2022-06-26,0.0,0.0,0.0,0.0,0.0,8418.972786505454,-390.5129777497067,6546.215846533361,-248.24156680616906,995.3612022966935,0.0,1921.4749842330652
2022-07-03,0.0,0.0,0.0,0.0,6146.450103711217,8427.545517348712,-47.9067965269157,6546.215846533361,-492.6399893448627,995.3612022966935,0.0,1921.4749842330652
2022-07-10,0.0,0.0,0.0,0.0,0.0,8436.118248191928,-52.822187791473176,6546.215846533361,-1236.5837451759614,995.3612022966935,0.0,1921.4749842330652
2022-07-17,0.0,0.0,0.0,69.41665827641161,0.0,8444.690979035113,-69.4244211211181,6546.215846533361,-1859.480438147502,995.3612022966935,0.0,1921.4749842330652
2022-07-24,0.0,0.0,266.19368994089467,550.6244597433559,0.0,8453.263709878365,-99.55981295714626,6546.215846533359,-2401.8576238208275,995.3612022966935,0.0,1921.4749842330652
2022-07-31,0.0,0.0,174.9201204715684,267.8294162789899,0.0,8461.836440721581,-132.60839010160373,6546.215846533361,-3180.8514151347613,995.3612022966935,0.0,1921.4749842330652
2022-08-07,0.0,0.0,90.80492618210997,85.24640627156158,0.0,8470.409171564834,-147.11098652835094,6546.215846533361,-4172.79870845926,995.3612022966935,0.0,1921.4749842330652
2022-08-14,0.0,0.0,56.58696384614525,38.47200370917337,0.0,8478.981902407944,-206.31002978593364,6546.215846533361,-5105.419092488175,995.3612022966935,0.0,1921.4749842330652
2022-08-21,0.0,0.0,38.2875870944412,20.607108160439054,0.0,8487.554633251191,-235.96313843544993,6546.215846533361,-6019.199596798988,995.3612022966935,0.0,1921.4749842330652
2022-08-28,0.0,0.0,27.243750233604604,12.26581925505081,0.0,8496.127364094438,-234.62833446469784,6546.215846533361,-7228.599617338795,995.3612022966935,0.0,1921.4749842330652
2022-09-04,0.0,0.0,20.085741029332763,7.85030877400993,2375.702903004717,8504.70009493763,-259.0883736513616,6546.215846533359,-8421.763932146927,995.3612022966935,0.0,1921.4749842330652
2022-09-11,0.0,0.0,15.215438188563834,4.97683364867553,0.0,8513.272825780867,-237.76073940335945,6546.215846533361,-8106.524873159802,995.3612022966935,0.0,1921.4749842330652
2022-09-18,0.0,0.0,2.7143124380601384,0.8604221314653407,0.0,8521.845556624046,-525.3574080796861,6546.215846533361,-4636.389065139874,995.3612022966935,0.0,1921.4749842330652
2022-09-25,1052.8146866517482,313.7315959761039,1806.3985835931715,0.0,0.0,8530.418287467319,-726.4256529293816,6546.215846533359,1793.331567204525,995.3612022966935,26049.000970782923,1921.4749842330652
2022-10-02,952.2838606961865,229.3534253231068,1800.654864174607,0.0,0.0,8538.99101831053,-1667.9496070433784,6546.215846533361,8387.237044969845,995.3612022966935,0.0,1921.4749842330652
2022-10-09,896.3583030333652,406.14807819634916,1904.9802713570502,0.0,-3692.0947875301613,8547.563749153729,-656.4653616010262,6546.215846533361,11574.453041639625,1555.2518785885836,0.0,1921.4749842330652
2022-10-16,852.4266723960673,619.2742224528056,1910.2821847734367,0.0,0.0,8556.136479996914,-1135.1728323671407,6546.215846533359,10019.179153177418,1555.2518785885836,0.0,1921.4749842330652
2022-10-23,415.32081232227006,582.1449413880691,1883.4953609366012,0.0,0.0,8564.709210840152,-1842.536120560916,6546.215846533359,5837.864091950054,1555.2518785885836,0.0,1921.4749842330652
2022-10-30,185.45150578886125,258.84016192440873,1309.2068848952222,0.0,0.0,8573.281941683405,-316.9233836541618,6546.215846533361,2647.5855675850057,1555.2518785885836,0.0,1921.4749842330652
